pack,mchirp,distance,candidate,nmse,nsigma,mass,injected,status
1,,,False,,0.6478297440492331,,0,failed_third_fit_check
2,,,False,0.3142317158187863,-0.7356640449380681,0.013975175416607219,0,rejected_linear_threshold
3,,,False,0.03573787976925684,-0.4424481708322463,0.0034397495803475424,0,rejected_linear_threshold
4,,,False,0.3386768018843676,-0.311037753115942,0.003213108168886681,0,rejected_linear_threshold
5,,,False,0.45618573330079504,1.157878696966749,0.0005795463225541602,0,rejected_linear_threshold
6,,,False,2.380442117709832,0.6011586544497939,0.0004087714673740994,0,rejected_linear_threshold
7,,,False,0.014592040690551054,-0.6339791674560756,0.03337153387253249,0,rejected_linear_threshold
8,,,False,0.006225626278160487,0.2622201056355013,0.0029115429843124445,0,rejected_linear_threshold
9,,,False,0.10061869435578051,0.1313907413521034,0.0016776881444718387,0,rejected_linear_threshold
10,,,False,0.058700405312557935,-0.24532552089448,0.002739819082123655,0,rejected_linear_threshold
11,,,False,3.321658013171502,0.9886342452005644,0.00024325921641684564,0,rejected_linear_threshold
12,,,False,2.3490333687720315,1.8976706951514968,0.000344728249324844,0,rejected_linear_threshold
13,,,False,0.045638026140214394,0.06839455629149223,0.0376338612098321,0,rejected_linear_threshold
14,,,False,0.007626984622594423,-0.4474771039225963,0.0023611232402517956,0,rejected_linear_threshold
15,,,False,0.008452089162708256,-0.45838986959637035,0.002280961242367644,0,rejected_linear_threshold
16,,,False,,-0.7554196702645002,,0,failed_third_fit_check
17,,,False,0.11149145453436535,0.10519234330876584,0.0019802263525639558,0,rejected_linear_threshold
18,,,False,0.042963736275782975,-0.21744946291482478,0.0011109698809342466,0,rejected_linear_threshold
19,,,False,,0.53145232386526,,0,failed_third_fit_check
20,,,False,0.007529768463892673,-0.3795064442958815,0.008146021411495391,0,rejected_linear_threshold
21,,,False,0.6432166890726874,-0.023380322497346503,0.0005567846893130509,0,rejected_linear_threshold
22,,,False,,-0.7507125309837085,,0,failed_third_fit_check
23,,,False,0.6539152021509469,-0.09687990891104385,0.0019784032452373587,0,rejected_linear_threshold
24,,,False,1.9164844472001348,1.1342771570511985,0.000634001235935154,0,rejected_linear_threshold
25,,,False,1.6603680787112582,0.9730241360707218,0.0004987522802391498,0,rejected_linear_threshold
26,,,False,0.38530238429833924,1.7083928113618163,0.0006448971750415798,0,rejected_linear_threshold
27,,,False,1.5154548766647713,2.106693686753675,0.00038166214252643955,0,rejected_linear_threshold
28,,,False,0.042705058912330354,-0.303041715546475,0.0011358023558191805,0,rejected_linear_threshold
29,,,False,0.9021022181829529,0.16651769896988267,0.0005760869328385827,0,rejected_linear_threshold
30,,,False,0.03153687200583672,-1.0781660434679312,0.020163467903514004,0,rejected_linear_threshold
31,,,False,0.9945990727504671,-0.7062335343269642,0.0018118110567156385,0,rejected_linear_threshold
32,,,False,2.089982239929616,0.2520894553749484,0.00036836496156376886,0,rejected_linear_threshold
33,,,False,0.10752382935402967,0.2806358928767052,0.0008906303384725228,0,rejected_linear_threshold
34,,,False,,-0.44506869903610313,,0,failed_third_fit_check
35,,,False,0.15728223095984814,-0.15905556092215406,0.0007323070828881673,0,rejected_linear_threshold
36,,,False,,-0.588194920344588,,0,failed_third_fit_check
37,,,False,0.009746493966938417,-0.23062356570427378,0.0032027664926111057,0,rejected_linear_threshold
38,,,False,1.394429133132325,0.1196089475338854,0.000504760258690884,0,rejected_linear_threshold
39,,,False,0.9470199869905125,-0.9661637142869519,0.0008623762448005019,0,rejected_linear_threshold
40,,,False,0.2574989876002023,0.6416622634415982,0.0009582946751387364,0,rejected_linear_threshold
41,,,False,,-0.7250759103316684,,0,failed_third_fit_check
42,,,False,2.173001722170684,-0.7076988665822721,0.0004046507540486125,0,rejected_linear_threshold
43,,,False,,-0.6077315435200198,,0,failed_third_fit_check
44,,,False,,-0.019401930630053583,,0,failed_third_fit_check
45,,,False,1.9055876054175356,-0.5763214474177988,0.00046098116821529354,0,rejected_linear_threshold
46,,,False,0.9902141985845476,-1.1737676093722578,0.0019557555246787236,0,rejected_linear_threshold
47,,,False,0.17428037646430425,0.03544238894548147,0.0005779471073407671,0,rejected_linear_threshold
48,,,False,0.5502752628959838,-0.8875223823716415,0.00331532437217316,0,rejected_linear_threshold
49,,,False,0.684193899823435,-0.8870849604201901,0.002154352007997627,0,rejected_linear_threshold
50,,,False,0.018828379862315028,-0.31723946335899605,0.0026960102317488952,0,rejected_linear_threshold
51,,,False,0.9798445757505818,-0.8543382495808911,0.001079199300285335,0,rejected_linear_threshold
52,,,False,2.8544395224131383,2.2124638776292915,0.0003151192424444753,0,rejected_linear_threshold
53,,,False,0.1399602987145652,-0.71739358927658,0.0012814609760155614,0,rejected_linear_threshold
54,,,False,2.346770672627594,-0.5488750673452536,0.00038183795370790014,0,rejected_linear_threshold
55,,,False,,-0.6768840938795392,,0,failed_third_fit_check
56,,,False,0.6170598809246499,0.4662830862473921,0.0007556034195560236,0,rejected_linear_threshold
57,,,False,,0.10591889425958985,,0,failed_third_fit_check
58,,,False,0.10906674365163538,-0.10209675962256538,0.0008288881383619252,0,rejected_linear_threshold
59,,,False,1.291776314757717,-0.009651690978095857,0.00036197446416730105,0,rejected_linear_threshold
60,,,False,0.01299716662158611,0.7683639861779026,0.023657491811109932,0,rejected_linear_threshold
61,,,False,,-0.23933276280469035,,0,failed_third_fit_check
62,,,False,,-0.7226915621800213,,0,failed_third_fit_check
63,,,False,0.06193264512090661,0.09761953475947227,0.001475395469115605,0,rejected_linear_threshold
64,,,False,0.16483096231354755,-0.7754018067136985,0.008498581964605057,0,rejected_linear_threshold
65,,,False,,0.07507691421798696,,0,failed_third_fit_check
66,,,False,,1.7831445660804166,,0,failed_third_fit_check
67,,,False,0.06135003767787554,2.6323437243039027,0.003877300190255123,0,rejected_linear_threshold
68,,,False,0.5844052266874417,0.9557318356047556,0.003174863706670442,0,rejected_linear_threshold
69,,,True,0.004376856892635937,1.560301227808233,0.006381756758952934,0,candidate_found
70,,,False,0.9248342761069234,1.7350215337958512,0.0010683201874007952,0,rejected_linear_threshold
71,,,False,0.6455152322389633,3.3380211753482816,0.007398496235637357,0,rejected_linear_threshold
72,,,False,0.028951693892156283,4.37615489224091,0.001896329912848518,0,rejected_linear_threshold
73,,,False,0.05883764100985781,1.7420916720756623,0.04315009429306516,0,rejected_linear_threshold
74,,,False,0.014213953401073648,1.2073004867092183,0.0012305648486825955,0,rejected_linear_threshold
75,,,False,0.24599252494241883,1.1548412760088456,0.0016394974122975496,0,rejected_linear_threshold
76,,,False,0.015486495549240774,0.40397217393460805,0.013352306034826652,0,rejected_linear_threshold
77,,,False,,1.4034675420239264,,0,failed_third_fit_check
78,,,False,0.3580391083077499,0.40347992008226174,0.010571855236040258,0,rejected_linear_threshold
79,,,True,0.0046083225266009085,1.470964174194495,0.005078498011798235,0,candidate_found
80,,,False,,2.347159501784251,,0,failed_third_fit_check
81,,,False,0.9991597259630397,2.2681455352779256,0.00029300386130114516,0,rejected_linear_threshold
82,,,False,0.28158907463002264,1.8744830346458965,0.0019458728372438359,0,rejected_linear_threshold
83,,,True,3.289148087897167e-07,1.2217022618339974,0.0014578343714784369,0,candidate_found
84,,,False,0.41003023155918594,1.2311758971317845,0.0057774751597230575,0,rejected_linear_threshold
85,,,False,0.9849107536303449,0.5367582275093615,0.0033122720988079794,0,rejected_linear_threshold
86,,,False,0.33325699014595067,1.2726537997973555,0.005944819966464074,0,rejected_linear_threshold
87,,,False,0.5108244472792386,1.4930299126997841,0.010436405080669982,0,rejected_linear_threshold
88,,,False,0.2929971437240253,0.4331562607588901,0.008146021411495391,0,rejected_linear_threshold
89,,,False,,0.8624730189528198,,0,failed_third_fit_check
90,,,False,0.6411232760894435,0.6665528961197962,0.005052835699788376,0,rejected_linear_threshold
91,,,False,0.039074741245305404,0.8431170428403789,0.016895124174584497,0,rejected_linear_threshold
92,,,False,0.08587439415985877,1.4010977542868805,0.026204200789194255,0,rejected_linear_threshold
93,,,False,0.038920922798552256,1.7715272492626364,0.020321950925368478,0,rejected_linear_threshold
94,,,False,0.8967957886720311,0.6688526935973841,0.004075027149424621,0,rejected_linear_threshold
95,,,False,0.5887663141752568,0.5435551888535918,0.003534495364105173,0,rejected_linear_threshold
96,,,False,0.1447264201102392,1.1815969285579715,0.011602544096297044,0,rejected_linear_threshold
97,,,False,0.011317771216929734,2.2128038333778126,0.05594836369496395,0,rejected_linear_threshold
98,,,False,0.1913732654115818,1.0405656337969826,0.014593457844104709,0,rejected_linear_threshold
99,,,False,,1.0052994296184588,,0,failed_third_fit_check
100,,,False,0.06346075302308772,1.2167571107193071,0.0022280113344397804,0,rejected_linear_threshold
101,,,False,,1.0908648914510424,,0,failed_third_fit_check
102,,,False,,1.275114271866188,,0,failed_third_fit_check
103,,,False,0.008249175751978232,0.7119668740655896,0.01635914824786295,0,rejected_linear_threshold
104,,,True,0.002344173350714144,2.00258580450722,0.0070687474747795085,0,candidate_found
105,,,False,0.33532399096356297,0.47597832794274997,0.010082080889652479,0,rejected_linear_threshold
106,,,False,0.5734221424311197,0.18558764872407896,0.005983273385846637,0,rejected_linear_threshold
107,,,False,0.010939990973140162,1.6361557878300237,0.017569614722225253,0,rejected_linear_threshold
108,,,False,0.34699669125901345,0.5673222214478271,0.0029766219925512136,0,rejected_linear_threshold
