tsft,mean_total_power,std_total_power
2,29876.728782246093,838.1705410186024
3,20343.209352969992,653.5979454727806
4,15585.926655753332,563.4190001530766
5,12718.507226796717,502.7261970187075
7,9300.617259717072,408.67162135944653
10,6780.596879740495,338.2595627908803
13,5351.5973593970075,288.1621863597634
18,4036.707230788612,243.3879633502679
25,3027.272310928615,204.71471158396776
35,2286.4534516308454,181.0839345291891
47,1796.2396778253565,159.3919504991859
63,1437.3928944768554,146.85938645416425
88,1113.0656432144935,128.22460841180126
