pack,signal_id,mchirp,distance,tsft,n_sft,n_bins,same_shape,sft_identical,sft_max_rel_diff,map_identical,map_max_rel_diff,map_pixels_different,track_identical,track_steps_different,time_makesfts_s,time_fast_s
21,157,0.0011239419619981557,0.005623413251903491,2,16384,131,True,True,0.0,True,0.0,0,True,0,908.86,2.17
21,157,0.0011239419619981557,0.005623413251903491,3,10922,197,True,True,0.0,True,0.0,0,True,0,612.77,2.23
21,157,0.0011239419619981557,0.005623413251903491,4,8192,263,True,True,0.0,True,0.0,0,True,0,455.9,1.24
21,157,0.0011239419619981557,0.005623413251903491,5,6553,328,True,True,0.0,True,0.0,0,True,0,364.72,1.61
21,157,0.0011239419619981557,0.005623413251903491,7,4681,460,True,True,0.0,True,0.0,0,True,0,266.15,1.45
21,157,0.0011239419619981557,0.005623413251903491,10,3276,657,True,True,0.0,True,0.0,0,True,0,197.16,1.26
21,157,0.0011239419619981557,0.005623413251903491,13,2520,854,True,True,0.0,True,0.0,0,True,0,147.65,1.68
21,157,0.0011239419619981557,0.005623413251903491,18,1820,1183,True,True,0.0,True,0.0,0,True,0,98.07,1.32
21,157,0.0011239419619981557,0.005623413251903491,25,1310,1642,True,False,2.830360240500274e-12,True,0.0,0,True,0,72.48,1.33
21,157,0.0011239419619981557,0.005623413251903491,35,936,2299,True,True,0.0,True,0.0,0,True,0,53.57,1.16
21,157,0.0011239419619981557,0.005623413251903491,47,697,3088,True,True,0.0,True,0.0,0,True,0,41.29,1.31
21,157,0.0011239419619981557,0.005623413251903491,63,520,4139,True,True,0.0,True,0.0,0,True,0,29.29,1.12
21,157,0.0011239419619981557,0.005623413251903491,88,372,5782,True,True,0.0,True,0.0,0,True,0,22.26,1.22
41,286,0.00447213595499958,0.03162277660168379,2,16384,131,True,True,0.0,True,0.0,0,True,0,900.54,1.29
41,286,0.00447213595499958,0.03162277660168379,3,10922,197,True,False,6.515039322323349e-10,False,4.460036388827333e-12,3,True,0,587.93,1.2
41,286,0.00447213595499958,0.03162277660168379,4,8192,263,True,True,0.0,True,0.0,0,True,0,452.14,1.7
41,286,0.00447213595499958,0.03162277660168379,5,6553,328,True,True,0.0,True,0.0,0,True,0,362.69,1.14
41,286,0.00447213595499958,0.03162277660168379,7,4681,460,True,True,0.0,True,0.0,0,True,0,266.06,1.36
41,286,0.00447213595499958,0.03162277660168379,10,3276,657,True,True,0.0,True,0.0,0,True,0,197.49,1.03
41,286,0.00447213595499958,0.03162277660168379,13,2520,854,True,True,0.0,True,0.0,0,True,0,145.04,1.23
41,286,0.00447213595499958,0.03162277660168379,18,1820,1183,True,True,0.0,True,0.0,0,True,0,108.26,1.34
41,286,0.00447213595499958,0.03162277660168379,25,1310,1642,True,False,4.359182846140087e-08,False,5.477379195066394e-09,2,True,0,83.05,1.21
41,286,0.00447213595499958,0.03162277660168379,35,936,2299,True,True,0.0,True,0.0,0,True,0,48.43,1.02
41,286,0.00447213595499958,0.03162277660168379,47,697,3088,True,True,0.0,True,0.0,0,True,0,39.89,1.17
41,286,0.00447213595499958,0.03162277660168379,63,520,4139,True,True,0.0,True,0.0,0,True,0,28.25,1.18
41,286,0.00447213595499958,0.03162277660168379,88,372,5782,True,True,0.0,True,0.0,0,True,0,22.95,1.38
107,532,0.07080390683908097,0.07498942093324558,2,16384,131,True,True,0.0,True,0.0,0,True,0,855.88,1.17
107,532,0.07080390683908097,0.07498942093324558,3,10922,197,True,True,0.0,True,0.0,0,True,0,512.34,1.06
107,532,0.07080390683908097,0.07498942093324558,4,8192,263,True,True,0.0,True,0.0,0,True,0,379.6,1.12
107,532,0.07080390683908097,0.07498942093324558,5,6553,328,True,True,0.0,True,0.0,0,True,0,305.97,0.96
107,532,0.07080390683908097,0.07498942093324558,7,4681,460,True,True,0.0,True,0.0,0,True,0,222.77,1.15
107,532,0.07080390683908097,0.07498942093324558,10,3276,657,True,True,0.0,True,0.0,0,True,0,154.96,1.02
107,532,0.07080390683908097,0.07498942093324558,13,2520,854,True,True,0.0,True,0.0,0,True,0,116.58,1.34
107,532,0.07080390683908097,0.07498942093324558,18,1820,1183,True,True,0.0,True,0.0,0,True,0,88.63,1.02
107,532,0.07080390683908097,0.07498942093324558,25,1310,1642,True,True,0.0,True,0.0,0,True,0,63.69,1.01
107,532,0.07080390683908097,0.07498942093324558,35,936,2299,True,True,0.0,True,0.0,0,True,0,45.78,1.65
107,532,0.07080390683908097,0.07498942093324558,47,697,3088,True,True,0.0,True,0.0,0,True,0,34.43,1.26
107,532,0.07080390683908097,0.07498942093324558,63,520,4139,True,True,0.0,True,0.0,0,True,0,25.54,1.14
107,532,0.07080390683908097,0.07498942093324558,88,372,5782,True,True,0.0,True,0.0,0,True,0,17.72,1.11
