pack,tsft,n_sft,n_bins,same_shape,sft_identical,sft_max_rel_diff,map_identical,map_max_rel_diff,map_pixels_different,track_identical,track_steps_different,time_makesfts_s,time_fast_s
40,2,16384,131,True,True,0.0,True,0.0,0,True,0,1002.7,1.81
40,3,10922,197,True,True,0.0,True,0.0,0,True,0,670.18,1.81
40,4,8192,263,True,True,0.0,True,0.0,0,True,0,508.28,3.95
40,5,6553,328,True,True,0.0,True,0.0,0,True,0,420.43,1.31
40,7,4681,460,True,True,0.0,True,0.0,0,True,0,292.66,1.11
40,10,3276,657,True,True,0.0,True,0.0,0,True,0,193.91,1.24
40,13,2520,854,True,True,0.0,True,0.0,0,True,0,157.64,1.26
40,18,1820,1183,True,True,0.0,True,0.0,0,True,0,108.72,1.2
40,25,1310,1642,True,True,0.0,True,0.0,0,True,0,86.89,1.17
40,35,936,2299,True,True,0.0,True,0.0,0,True,0,59.46,1.08
40,47,697,3088,True,True,0.0,True,0.0,0,True,0,44.32,1.14
40,63,520,4139,True,True,0.0,True,0.0,0,True,0,33.82,1.26
40,88,372,5782,True,True,0.0,True,0.0,0,True,0,25.83,1.15
77,2,16384,131,True,True,0.0,True,0.0,0,True,0,979.69,1.28
77,3,10922,197,True,True,0.0,True,0.0,0,True,0,666.78,1.23
77,4,8192,263,True,True,0.0,True,0.0,0,True,0,507.49,1.69
77,5,6553,328,True,True,0.0,True,0.0,0,True,0,402.75,1.5
77,7,4681,460,True,True,0.0,True,0.0,0,True,0,293.03,1.37
77,10,3276,657,True,True,0.0,True,0.0,0,True,0,185.06,1.45
77,13,2520,854,True,False,7.407163499533698e-08,False,6.125541834941596e-08,1,True,0,159.41,1.3
77,18,1820,1183,True,True,0.0,True,0.0,0,True,0,113.57,1.13
77,25,1310,1642,True,True,0.0,True,0.0,0,True,0,79.51,1.01
77,35,936,2299,True,True,0.0,True,0.0,0,True,0,60.4,1.32
77,47,697,3088,True,True,0.0,True,0.0,0,True,0,46.32,1.27
77,63,520,4139,True,False,6.581622864352107e-11,False,1.1213600255965059e-14,2,True,0,35.83,1.28
77,88,372,5782,True,True,0.0,True,0.0,0,True,0,24.85,1.14
