pack,candidate_makesfts,candidate_fast,nmse_makesfts,nmse_fast,nsigma_makesfts,nsigma_fast,mass_makesfts,mass_fast,status_makesfts,status_fast,tsft_fast,identical,time_fast_s
1,False,False,,,0.6478297440492331,0.6478297440492331,,,failed_third_fit_check,failed_third_fit_check,88,True,55.2
3,False,False,0.03573787976925684,0.03573787976925684,-0.4424481708322463,-0.4424481708322463,0.0034397495803475424,0.0034397495803475424,rejected_linear_threshold,rejected_linear_threshold,18,True,56.6
5,False,False,0.45618573330079504,0.45618573330079504,1.157878696966749,1.157878696966749,0.0005795463225541602,0.0005795463225541602,rejected_linear_threshold,rejected_linear_threshold,88,True,40.6
6,False,False,2.380442117709832,2.380442117709832,0.6011586544497939,0.6011586544497939,0.0004087714673740994,0.0004087714673740994,rejected_linear_threshold,rejected_linear_threshold,88,True,46.6
7,False,False,0.014592040690551054,0.014592040690551054,-0.6339791674560756,-0.6339791674560756,0.03337153387253249,0.03337153387253249,rejected_linear_threshold,rejected_linear_threshold,3,True,38.9
8,False,False,0.006225626278160487,0.006225626278160487,0.2622201056355013,0.2622201056355013,0.0029115429843124445,0.0029115429843124445,rejected_linear_threshold,rejected_linear_threshold,35,True,42.8
9,False,False,0.10061869435578051,0.10061869435578051,0.1313907413521034,0.1313907413521034,0.0016776881444718387,0.0016776881444718385,rejected_linear_threshold,rejected_linear_threshold,63,False,50.8
10,False,False,0.058700405312557935,0.058700405312557935,-0.24532552089448,-0.24532552089448,0.002739819082123655,0.002739819082123655,rejected_linear_threshold,rejected_linear_threshold,35,True,37.4
13,False,False,0.045638026140214394,0.045638026140214394,0.06839455629149223,0.06839455629149223,0.0376338612098321,0.0376338612098321,rejected_linear_threshold,rejected_linear_threshold,3,True,39.0
14,False,False,0.007626984622594423,0.007626984622594423,-0.4474771039225963,-0.4474771039225963,0.0023611232402517956,0.0023611232402517956,rejected_linear_threshold,rejected_linear_threshold,47,True,45.2
16,False,False,,,-0.7554196702645002,-0.7554196702645002,,,failed_third_fit_check,failed_third_fit_check,4,True,43.5
17,False,False,0.11149145453436535,0.11149145453436535,0.10519234330876584,0.10519234330876584,0.0019802263525639558,0.0019802263525639553,rejected_linear_threshold,rejected_linear_threshold,35,False,39.5
18,False,False,0.042963736275782975,0.042963736275782975,-0.21744946291482478,-0.21744946291482478,0.0011109698809342466,0.0011109698809342466,rejected_linear_threshold,rejected_linear_threshold,88,True,41.0
19,False,False,,,0.53145232386526,0.53145232386526,,,failed_third_fit_check,failed_third_fit_check,88,True,42.1
23,False,False,0.6539152021509469,0.6539152021509469,-0.09687990891104385,-0.09687990891104385,0.0019784032452373587,0.0019784032452373587,rejected_linear_threshold,rejected_linear_threshold,7,True,46.7
24,False,False,1.9164844472001348,1.9164844472001348,1.1342771570511985,1.1342771570511985,0.000634001235935154,0.000634001235935154,rejected_linear_threshold,rejected_linear_threshold,47,True,51.5
27,False,False,1.5154548766647713,1.5154548766647713,2.106693686753675,2.106693686753675,0.00038166214252643955,0.00038166214252643955,rejected_linear_threshold,rejected_linear_threshold,88,True,57.5
29,False,False,0.9021022181829529,0.9021022181829531,0.16651769896988267,0.16651769896988267,0.0005760869328385827,0.0005760869328385827,rejected_linear_threshold,rejected_linear_threshold,88,False,36.5
30,False,False,0.03153687200583672,0.03153687200583672,-1.0781660434679312,-1.0781660434679312,0.020163467903514004,0.020163467903514004,rejected_linear_threshold,rejected_linear_threshold,4,True,55.4
34,False,False,,,-0.44506869903610313,-0.44506869903610313,,,failed_third_fit_check,failed_third_fit_check,88,True,41.9
35,False,False,0.15728223095984814,0.15728223095984814,-0.15905556092215406,-0.15905556092215406,0.0007323070828881673,0.0007323070828881673,rejected_linear_threshold,rejected_linear_threshold,88,True,33.7
38,False,False,1.394429133132325,1.394429133132325,0.1196089475338854,0.1196089475338854,0.000504760258690884,0.000504760258690884,rejected_linear_threshold,rejected_linear_threshold,63,True,47.8
39,False,False,0.9470199869905125,0.9470199869905125,-0.9661637142869519,-0.9661637142869519,0.0008623762448005019,0.0008623762448005019,rejected_linear_threshold,rejected_linear_threshold,25,True,47.7
44,False,False,,,-0.019401930630053583,-0.019401930630053583,,,failed_third_fit_check,failed_third_fit_check,88,True,39.1
45,False,False,1.9055876054175356,1.9055876054175356,-0.5763214474177988,-0.5763214474177988,0.00046098116821529354,0.00046098116821529354,rejected_linear_threshold,rejected_linear_threshold,88,True,30.2
47,False,False,0.17428037646430425,0.17428037646430425,0.03544238894548147,0.03544238894548147,0.0005779471073407671,0.0005779471073407671,rejected_linear_threshold,rejected_linear_threshold,88,True,31.2
49,False,False,0.684193899823435,0.684193899823435,-0.8870849604201901,-0.8870849604201901,0.002154352007997627,0.002154352007997627,rejected_linear_threshold,rejected_linear_threshold,5,True,34.1
50,False,False,0.018828379862315028,0.018828379862315028,-0.31723946335899605,-0.31723946335899605,0.0026960102317488952,0.0026960102317488952,rejected_linear_threshold,rejected_linear_threshold,47,True,39.4
51,False,False,0.9798445757505818,0.9798445757505818,-0.8543382495808911,-0.8543382495808911,0.001079199300285335,0.001079199300285335,rejected_linear_threshold,rejected_linear_threshold,3,True,47.1
52,False,False,2.8544395224131383,2.8544395224131383,2.2124638776292915,2.2124638776292915,0.0003151192424444753,0.0003151192424444753,rejected_linear_threshold,rejected_linear_threshold,63,True,64.1
55,False,False,,,-0.6768840938795392,-0.6768840938795392,,,failed_third_fit_check,failed_third_fit_check,4,True,53.1
56,False,False,0.6170598809246499,0.6170598809246499,0.4662830862473921,0.4662830862473921,0.0007556034195560236,0.0007556034195560236,rejected_linear_threshold,rejected_linear_threshold,47,True,39.9
63,False,False,0.06193264512090661,0.06193264512090661,0.09761953475947227,0.09761953475947227,0.001475395469115605,0.001475395469115605,rejected_linear_threshold,rejected_linear_threshold,63,True,39.3
64,False,False,0.16483096231354755,0.16483096231354755,-0.7754018067136985,-0.7754018067136985,0.008498581964605057,0.008498581964605057,rejected_linear_threshold,rejected_linear_threshold,4,True,53.1
69,True,True,0.004376856892635937,0.004376856892635937,1.560301227808233,1.560301227808233,0.006381756758952934,0.006381756758952934,candidate_found,candidate_found,18,True,41.1
72,False,False,0.028951693892156283,0.028951693892156283,4.37615489224091,4.37615489224091,0.001896329912848518,0.001896329912848518,rejected_linear_threshold,rejected_linear_threshold,63,True,47.2
77,False,False,,,1.4034675420239264,1.4034675420239264,,,failed_third_fit_check,failed_third_fit_check,13,True,32.3
78,False,False,0.3580391083077499,0.3580391083077499,0.40347992008226174,0.40347992008226174,0.010571855236040258,0.010571855236040258,rejected_linear_threshold,rejected_linear_threshold,2,True,48.9
79,True,True,0.0046083225266009085,0.0046083225266009085,1.470964174194495,1.470964174194495,0.005078498011798235,0.005078498011798235,candidate_found,candidate_found,25,True,32.9
83,True,True,3.289148087897167e-07,3.289148087897167e-07,1.2217022618339974,1.2217022618339974,0.0014578343714784369,0.0014578343714784369,candidate_found,candidate_found,88,True,32.8
84,False,False,0.41003023155918594,0.41003023155918594,1.2311758971317845,1.2311758971317845,0.0057774751597230575,0.0057774751597230575,rejected_linear_threshold,rejected_linear_threshold,5,True,45.5
85,False,False,0.9849107536303449,0.9849107536303449,0.5367582275093615,0.5367582275093615,0.0033122720988079794,0.0033122720988079794,rejected_linear_threshold,rejected_linear_threshold,2,True,35.4
89,False,False,,,0.8624730189528198,0.8624730189528198,,,failed_third_fit_check,failed_third_fit_check,10,True,36.3
91,False,False,0.039074741245305404,0.039074741245305404,0.8431170428403789,0.8431170428403789,0.016895124174584497,0.016895124174584494,rejected_linear_threshold,rejected_linear_threshold,4,False,37.0
98,False,False,0.1913732654115818,0.1913732654115818,1.0405656337969826,1.0405656337969826,0.014593457844104709,0.014593457844104707,rejected_linear_threshold,rejected_linear_threshold,3,False,41.1
99,False,False,,,1.0052994296184588,1.0052994296184588,,,failed_third_fit_check,failed_third_fit_check,4,True,36.6
101,False,False,,,1.0908648914510424,1.0908648914510424,,,failed_third_fit_check,failed_third_fit_check,5,True,32.9
103,False,False,0.008249175751978232,0.008249175751978232,0.7119668740655896,0.7119668740655896,0.01635914824786295,0.01635914824786295,rejected_linear_threshold,rejected_linear_threshold,7,True,26.9
105,False,False,0.33532399096356297,0.33532399096356297,0.47597832794274997,0.47597832794274997,0.010082080889652479,0.010082080889652479,rejected_linear_threshold,rejected_linear_threshold,3,True,35.4
108,False,False,0.34699669125901345,0.34699669125901345,0.5673222214478271,0.5673222214478271,0.0029766219925512136,0.0029766219925512136,rejected_linear_threshold,rejected_linear_threshold,10,True,35.0
