mchirp,distance,optimal_snr
0.0002,0.0001,135.758
0.0002,0.00017782794,90.3077
0.0002,0.00031622777,49.0555
0.0002,0.00056234133,27.4948
0.0002,0.001,15.8132
0.0002,0.0017782794,8.22073
0.0002,0.0031622777,3.15829
0.0002,0.0056234133,2.29787
0.0002,0.01,1.29047
0.0002,0.01154782,1.62395
0.0002,0.013335214,1.07815
0.0002,0.015399265,0.744173
0.0002,0.017782794,0.763304
0.0002,0.02053525,0.757851
0.0002,0.023713737,0.629881
0.0002,0.027384196,0.56243
0.0002,0.031622777,0.434665
0.0002,0.036517413,0.357099
0.0002,0.04216965,0.340113
0.0002,0.048696753,0.288965
0.0002,0.056234133,0.245002
0.0002,0.064938163,0.22885
0.0002,0.074989421,0.199838
0.0002,0.086596432,0.151381
0.0002,0.1,0.174639
0.0002,0.10771436,0.107155
0.0002,0.11602383,0.101565
0.0002,0.12497433,0.101087
0.0002,0.13461529,0.077784
0.0002,0.145,0.102366
0.00028247029,0.0001,348.774
0.00028247029,0.00017782794,289.425
0.00028247029,0.00031622777,133.02
0.00028247029,0.00056234133,70.5758
0.00028247029,0.001,40.5409
0.00028247029,0.0017782794,19.6755
0.00028247029,0.0031622777,11.5069
0.00028247029,0.0056234133,5.73255
0.00028247029,0.01,4.74467
0.00028247029,0.01154782,2.60532
0.00028247029,0.013335214,3.01887
0.00028247029,0.015399265,2.44623
0.00028247029,0.017782794,2.55345
0.00028247029,0.02053525,2.14499
0.00028247029,0.023713737,1.89955
0.00028247029,0.027384196,1.07986
0.00028247029,0.031622777,1.39771
0.00028247029,0.036517413,1.06172
0.00028247029,0.04216965,1.07215
0.00028247029,0.048696753,0.915803
0.00028247029,0.056234133,0.744647
0.00028247029,0.064938163,0.598703
0.00028247029,0.074989421,0.63379
0.00028247029,0.086596432,0.461417
0.00028247029,0.1,0.330229
0.00028247029,0.10771436,0.413667
0.00028247029,0.11602383,0.418585
0.00028247029,0.12497433,0.278044
0.00028247029,0.13461529,0.340751
0.00028247029,0.145,0.339571
0.00039894732,0.0001,551.222
0.00039894732,0.00017782794,198.357
0.00039894732,0.00031622777,136.785
0.00039894732,0.00056234133,75.6488
0.00039894732,0.001,45.4501
0.00039894732,0.0017782794,29.0304
0.00039894732,0.0031622777,17.122
0.00039894732,0.0056234133,8.29665
0.00039894732,0.01,4.29333
0.00039894732,0.01154782,4.3839
0.00039894732,0.013335214,3.31546
0.00039894732,0.015399265,2.14188
0.00039894732,0.017782794,3.0373
0.00039894732,0.02053525,2.66816
0.00039894732,0.023713737,1.51059
0.00039894732,0.027384196,1.70484
0.00039894732,0.031622777,1.26454
0.00039894732,0.036517413,0.934925
0.00039894732,0.04216965,1.11791
0.00039894732,0.048696753,1.01612
0.00039894732,0.056234133,0.80345
0.00039894732,0.064938163,0.617923
0.00039894732,0.074989421,0.652475
0.00039894732,0.086596432,0.601302
0.00039894732,0.1,0.351962
0.00039894732,0.10771436,0.37206
0.00039894732,0.11602383,0.287791
0.00039894732,0.12497433,0.289449
0.00039894732,0.13461529,0.255717
0.00039894732,0.145,0.300083
0.00056345382,0.0001,1561.71
0.00056345382,0.00017782794,681.856
0.00056345382,0.00031622777,548.469
0.00056345382,0.00056234133,219.81
0.00056345382,0.001,120.761
0.00056345382,0.0017782794,66.2871
0.00056345382,0.0031622777,51.8384
0.00056345382,0.0056234133,24.7591
0.00056345382,0.01,12.1904
0.00056345382,0.01154782,11.9302
0.00056345382,0.013335214,12.2917
0.00056345382,0.015399265,10.945
0.00056345382,0.017782794,7.27318
0.00056345382,0.02053525,5.20777
0.00056345382,0.023713737,6.77918
0.00056345382,0.027384196,5.11191
0.00056345382,0.031622777,5.19786
0.00056345382,0.036517413,4.12292
0.00056345382,0.04216965,3.86783
0.00056345382,0.048696753,2.69039
0.00056345382,0.056234133,3.01998
0.00056345382,0.064938163,2.90939
0.00056345382,0.074989421,1.52714
0.00056345382,0.086596432,1.43785
0.00056345382,0.1,1.5398
0.00056345382,0.10771436,1.0166
0.00056345382,0.11602383,1.37047
0.00056345382,0.12497433,1.24737
0.00056345382,0.13461529,1.01521
0.00056345382,0.145,1.06315
0.00079579482,0.0001,2017.7
0.00079579482,0.00017782794,884.272
0.00079579482,0.00031622777,558.304
0.00079579482,0.00056234133,360.066
0.00079579482,0.001,175.728
0.00079579482,0.0017782794,110.407
0.00079579482,0.0031622777,63.0592
0.00079579482,0.0056234133,37.3828
0.00079579482,0.01,15.7272
0.00079579482,0.01154782,13.1304
0.00079579482,0.013335214,12.1828
0.00079579482,0.015399265,10.0434
0.00079579482,0.017782794,11.459
0.00079579482,0.02053525,8.73348
0.00079579482,0.023713737,7.59366
0.00079579482,0.027384196,7.49657
0.00079579482,0.031622777,4.31329
0.00079579482,0.036517413,5.51304
0.00079579482,0.04216965,3.91268
0.00079579482,0.048696753,3.19273
0.00079579482,0.056234133,3.53426
0.00079579482,0.064938163,2.50682
0.00079579482,0.074989421,2.31629
0.00079579482,0.086596432,2.60583
0.00079579482,0.1,1.37625
0.00079579482,0.10771436,2.13322
0.00079579482,0.11602383,1.42772
0.00079579482,0.12497433,1.23163
0.00079579482,0.13461529,1.57098
0.00079579482,0.145,1.36726
0.001123942,0.0001,5032.75
0.001123942,0.00017782794,2114.13
0.001123942,0.00031622777,1343.63
0.001123942,0.00056234133,723.704
0.001123942,0.001,538.142
0.001123942,0.0017782794,301.788
0.001123942,0.0031622777,138.624
0.001123942,0.0056234133,82.7346
0.001123942,0.01,66.796
0.001123942,0.01154782,40.026
0.001123942,0.013335214,32.9371
0.001123942,0.015399265,27.4299
0.001123942,0.017782794,36.4074
0.001123942,0.02053525,27.4353
0.001123942,0.023713737,20.6024
0.001123942,0.027384196,20.732
0.001123942,0.031622777,15.1848
0.001123942,0.036517413,15.5021
0.001123942,0.04216965,9.20555
0.001123942,0.048696753,7.66239
0.001123942,0.056234133,10.8692
0.001123942,0.064938163,9.00759
0.001123942,0.074989421,5.68775
0.001123942,0.086596432,5.81218
0.001123942,0.1,4.9717
0.001123942,0.10771436,4.97931
0.001123942,0.11602383,4.97393
0.001123942,0.12497433,3.14367
0.001123942,0.13461529,4.17312
0.001123942,0.145,3.09184
0.0015874011,0.0001,6687.45
0.0015874011,0.00017782794,3803.12
0.0015874011,0.00031622777,1953.33
0.0015874011,0.00056234133,1343.86
0.0015874011,0.001,747.976
0.0015874011,0.0017782794,292.508
0.0015874011,0.0031622777,254.495
0.0015874011,0.0056234133,127.899
0.0015874011,0.01,53.5747
0.0015874011,0.01154782,46.7055
0.0015874011,0.013335214,50.5919
0.0015874011,0.015399265,37.9041
0.0015874011,0.017782794,28.9708
0.0015874011,0.02053525,34.9045
0.0015874011,0.023713737,21.5923
0.0015874011,0.027384196,28.1227
0.0015874011,0.031622777,22.7376
0.0015874011,0.036517413,19.6267
0.0015874011,0.04216965,18.6455
0.0015874011,0.048696753,10.589
0.0015874011,0.056234133,15.7764
0.0015874011,0.064938163,11.3084
0.0015874011,0.074989421,11.7628
0.0015874011,0.086596432,11.7791
0.0015874011,0.1,7.91299
0.0015874011,0.10771436,8.34373
0.0015874011,0.11602383,8.1842
0.0015874011,0.12497433,7.74967
0.0015874011,0.13461529,6.59406
0.0015874011,0.145,5.09879
0.0022419682,0.0001,10102.7
0.0022419682,0.00017782794,6200.6
0.0022419682,0.00031622777,3762.4
0.0022419682,0.00056234133,1579.27
0.0022419682,0.001,1260.29
0.0022419682,0.0017782794,548.897
0.0022419682,0.0031622777,397.865
0.0022419682,0.0056234133,248.947
0.0022419682,0.01,122.602
0.0022419682,0.01154782,94.869
0.0022419682,0.013335214,97.7396
0.0022419682,0.015399265,80.9173
0.0022419682,0.017782794,62.4639
0.0022419682,0.02053525,63.5497
0.0022419682,0.023713737,46.7705
0.0022419682,0.027384196,43.4047
0.0022419682,0.031622777,42.2767
0.0022419682,0.036517413,22.7253
0.0022419682,0.04216965,29.2621
0.0022419682,0.048696753,23.6876
0.0022419682,0.056234133,15.4249
0.0022419682,0.064938163,19.8573
0.0022419682,0.074989421,11.781
0.0022419682,0.086596432,11.5912
0.0022419682,0.1,10.1579
0.0022419682,0.10771436,11.9412
0.0022419682,0.11602383,10.2577
0.0022419682,0.12497433,6.42919
0.0022419682,0.13461529,10.7896
0.0022419682,0.145,7.90152
0.003166447,0.0001,29022.7
0.003166447,0.00017782794,18687.4
0.003166447,0.00031622777,9350.92
0.003166447,0.00056234133,4709.7
0.003166447,0.001,3720.99
0.003166447,0.0017782794,1767.43
0.003166447,0.0031622777,893.762
0.003166447,0.0056234133,506.648
0.003166447,0.01,354.291
0.003166447,0.01154782,280.096
0.003166447,0.013335214,271.876
0.003166447,0.015399265,224.344
0.003166447,0.017782794,182.877
0.003166447,0.02053525,180.557
0.003166447,0.023713737,119.402
0.003166447,0.027384196,96.837
0.003166447,0.031622777,96.028
0.003166447,0.036517413,84.9737
0.003166447,0.04216965,57.1801
0.003166447,0.048696753,73.7705
0.003166447,0.056234133,71.6171
0.003166447,0.064938163,46.6603
0.003166447,0.074989421,38.4672
0.003166447,0.086596432,46.9087
0.003166447,0.1,27.7151
0.003166447,0.10771436,32.6323
0.003166447,0.11602383,32.0884
0.003166447,0.12497433,29.3025
0.003166447,0.13461529,23.0163
0.003166447,0.145,17.4927
0.004472136,0.0001,48055.6
0.004472136,0.00017782794,21362.2
0.004472136,0.00031622777,10137.3
0.004472136,0.00056234133,6461.68
0.004472136,0.001,3158.12
0.004472136,0.0017782794,2156.8
0.004472136,0.0031622777,1686.11
0.004472136,0.0056234133,693.602
0.004472136,0.01,381.366
0.004472136,0.01154782,406.875
0.004472136,0.013335214,346.321
0.004472136,0.015399265,219.455
0.004472136,0.017782794,268.355
0.004472136,0.02053525,201.66
0.004472136,0.023713737,167.296
0.004472136,0.027384196,154.949
0.004472136,0.031622777,112.761
0.004472136,0.036517413,114.828
0.004472136,0.04216965,105.299
0.004472136,0.048696753,73.7823
0.004472136,0.056234133,63.9591
0.004472136,0.064938163,57.4301
0.004472136,0.074989421,66.7326
0.004472136,0.086596432,41.3406
0.004472136,0.1,35.1092
0.004472136,0.10771436,31.7667
0.004472136,0.11602383,37.4545
0.004472136,0.12497433,31.7237
0.004472136,0.13461529,35.4091
0.004472136,0.145,32.0329
0.0063162277,0.0001,66430.3
0.0063162277,0.00017782794,45871.7
0.0063162277,0.00031622777,32527.6
0.0063162277,0.00056234133,15958.1
0.0063162277,0.001,9520.26
0.0063162277,0.0017782794,4136.41
0.0063162277,0.0031622777,3567.56
0.0063162277,0.0056234133,1279.89
0.0063162277,0.01,979.563
0.0063162277,0.01154782,664.677
0.0063162277,0.013335214,748.689
0.0063162277,0.015399265,632.341
0.0063162277,0.017782794,658.829
0.0063162277,0.02053525,400.856
0.0063162277,0.023713737,366.406
0.0063162277,0.027384196,327.136
0.0063162277,0.031622777,255.49
0.0063162277,0.036517413,255.161
0.0063162277,0.04216965,211.198
0.0063162277,0.048696753,213.091
0.0063162277,0.056234133,172.076
0.0063162277,0.064938163,119.897
0.0063162277,0.074989421,155.561
0.0063162277,0.086596432,128.764
0.0063162277,0.1,95.5307
0.0063162277,0.10771436,92.8153
0.0063162277,0.11602383,84.9322
0.0063162277,0.12497433,52.1523
0.0063162277,0.13461529,73.8738
0.0063162277,0.145,63.4693
0.0089207333,0.0001,96247.4
0.0089207333,0.00017782794,84871.9
0.0089207333,0.00031622777,40778.3
0.0089207333,0.00056234133,24508.7
0.0089207333,0.001,15816.3
0.0089207333,0.0017782794,8725.73
0.0089207333,0.0031622777,3864.86
0.0089207333,0.0056234133,2196.89
0.0089207333,0.01,1273.69
0.0089207333,0.01154782,915.11
0.0089207333,0.013335214,980.217
0.0089207333,0.015399265,939.393
0.0089207333,0.017782794,749.281
0.0089207333,0.02053525,557.028
0.0089207333,0.023713737,700.816
0.0089207333,0.027384196,590.593
0.0089207333,0.031622777,488.566
0.0089207333,0.036517413,396.129
0.0089207333,0.04216965,373.581
0.0089207333,0.048696753,279.659
0.0089207333,0.056234133,174.783
0.0089207333,0.064938163,266.907
0.0089207333,0.074989421,177.521
0.0089207333,0.086596432,132.733
0.0089207333,0.1,107.985
0.0089207333,0.10771436,152.625
0.0089207333,0.11602383,95.311
0.0089207333,0.12497433,108.412
0.0089207333,0.13461529,119.114
0.0089207333,0.145,72.1194
0.01259921,0.0001,131045
0.01259921,0.00017782794,80089.1
0.01259921,0.00031622777,60515.5
0.01259921,0.00056234133,21901.4
0.01259921,0.001,15763.6
0.01259921,0.0017782794,10000.5
0.01259921,0.0031622777,6216.21
0.01259921,0.0056234133,3470.51
0.01259921,0.01,1988.8
0.01259921,0.01154782,1356.8
0.01259921,0.013335214,1515.82
0.01259921,0.015399265,936.851
0.01259921,0.017782794,900.143
0.01259921,0.02053525,778.651
0.01259921,0.023713737,830.513
0.01259921,0.027384196,700.745
0.01259921,0.031622777,635.396
0.01259921,0.036517413,360.61
0.01259921,0.04216965,431.263
0.01259921,0.048696753,415.225
0.01259921,0.056234133,397.07
0.01259921,0.064938163,251.436
0.01259921,0.074989421,191.102
0.01259921,0.086596432,202.814
0.01259921,0.1,141.204
0.01259921,0.10771436,154.329
0.01259921,0.11602383,175.76
0.01259921,0.12497433,162.492
0.01259921,0.13461529,143.711
0.01259921,0.145,83.9857
0.017794513,0.0001,284426
0.017794513,0.00017782794,115304
0.017794513,0.00031622777,46200.9
0.017794513,0.00056234133,42106
0.017794513,0.001,25490
0.017794513,0.0017782794,15568.9
0.017794513,0.0031622777,7959.97
0.017794513,0.0056234133,2799.55
0.017794513,0.01,2592.37
0.017794513,0.01154782,2248.69
0.017794513,0.013335214,842.811
0.017794513,0.015399265,1238.07
0.017794513,0.017782794,1479.5
0.017794513,0.02053525,1162.15
0.017794513,0.023713737,1116.89
0.017794513,0.027384196,955.92
0.017794513,0.031622777,525.774
0.017794513,0.036517413,604.765
0.017794513,0.04216965,493.136
0.017794513,0.048696753,312.012
0.017794513,0.056234133,363.731
0.017794513,0.064938163,276.055
0.017794513,0.074989421,329.723
0.017794513,0.086596432,192.916
0.017794513,0.1,161.447
0.017794513,0.10771436,235.556
0.017794513,0.11602383,175.473
0.017794513,0.12497433,207.212
0.017794513,0.13461529,225.61
0.017794513,0.145,157.246
0.025132106,0.0001,339554
0.025132106,0.00017782794,130417
0.025132106,0.00031622777,79112.1
0.025132106,0.00056234133,69482.3
0.025132106,0.001,33121.6
0.025132106,0.0017782794,12941
0.025132106,0.0031622777,9155.64
0.025132106,0.0056234133,5261.4
0.025132106,0.01,2322.34
0.025132106,0.01154782,1966.57
0.025132106,0.013335214,1438.14
0.025132106,0.015399265,2323.66
0.025132106,0.017782794,1810.22
0.025132106,0.02053525,1399.29
0.025132106,0.023713737,1273.88
0.025132106,0.027384196,1256.92
0.025132106,0.031622777,822.845
0.025132106,0.036517413,648.336
0.025132106,0.04216965,877.776
0.025132106,0.048696753,588.37
0.025132106,0.056234133,496.841
0.025132106,0.064938163,414.329
0.025132106,0.074989421,310.666
0.025132106,0.086596432,391.317
0.025132106,0.1,262.803
0.025132106,0.10771436,351.339
0.025132106,0.11602383,245.736
0.025132106,0.12497433,263.643
0.025132106,0.13461529,86.0544
0.025132106,0.145,201.632
0.035495367,0.0001,328267
0.035495367,0.00017782794,193413
0.035495367,0.00031622777,125871
0.035495367,0.00056234133,59437.7
0.035495367,0.001,22267.6
0.035495367,0.0017782794,19365.4
0.035495367,0.0031622777,12307.4
0.035495367,0.0056234133,6728.2
0.035495367,0.01,3605.43
0.035495367,0.01154782,3244.03
0.035495367,0.013335214,2544.92
0.035495367,0.015399265,3268.37
0.035495367,0.017782794,1529.28
0.035495367,0.02053525,1584.61
0.035495367,0.023713737,1927.27
0.035495367,0.027384196,1424.7
0.035495367,0.031622777,853.255
0.035495367,0.036517413,1471.57
0.035495367,0.04216965,997.259
0.035495367,0.048696753,928.409
0.035495367,0.056234133,603.823
0.035495367,0.064938163,500.552
0.035495367,0.074989421,618.253
0.035495367,0.086596432,213.95
0.035495367,0.1,490.655
0.035495367,0.10771436,371.476
0.035495367,0.11602383,399.761
0.035495367,0.12497433,359.96
0.035495367,0.13461529,379.93
0.035495367,0.145,316.286
0.050131932,0.0001,379367
0.050131932,0.00017782794,260377
0.050131932,0.00031622777,129795
0.050131932,0.00056234133,73607.3
0.050131932,0.001,48661.9
0.050131932,0.0017782794,32154
0.050131932,0.0031622777,17362.5
0.050131932,0.0056234133,10393.1
0.050131932,0.01,3986.5
0.050131932,0.01154782,3584.44
0.050131932,0.013335214,1970.43
0.050131932,0.015399265,2828.22
0.050131932,0.017782794,3019.2
0.050131932,0.02053525,2059.34
0.050131932,0.023713737,1796.8
0.050131932,0.027384196,1932.26
0.050131932,0.031622777,1605.88
0.050131932,0.036517413,1490.24
0.050131932,0.04216965,896.228
0.050131932,0.048696753,841.673
0.050131932,0.056234133,764.64
0.050131932,0.064938163,831.799
0.050131932,0.074989421,638.104
0.050131932,0.086596432,712.889
0.050131932,0.1,495.034
0.050131932,0.10771436,357.404
0.050131932,0.11602383,536.593
0.050131932,0.12497433,500.198
0.050131932,0.13461529,338.202
0.050131932,0.145,445.489
0.070803907,0.0001,767567
0.070803907,0.00017782794,315822
0.070803907,0.00031622777,300318
0.070803907,0.00056234133,135058
0.070803907,0.001,42230.7
0.070803907,0.0017782794,35865.4
0.070803907,0.0031622777,28841.6
0.070803907,0.0056234133,12306.2
0.070803907,0.01,4820.74
0.070803907,0.01154782,5961.31
0.070803907,0.013335214,5512.41
0.070803907,0.015399265,5853.11
0.070803907,0.017782794,4280.51
0.070803907,0.02053525,3070.91
0.070803907,0.023713737,3567.09
0.070803907,0.027384196,3409.61
0.070803907,0.031622777,1727.97
0.070803907,0.036517413,1479.48
0.070803907,0.04216965,2037.4
0.070803907,0.048696753,1566.65
0.070803907,0.056234133,1176.01
0.070803907,0.064938163,1307.54
0.070803907,0.074989421,790.281
0.070803907,0.086596432,950.966
0.070803907,0.1,626.678
0.070803907,0.10771436,843.154
0.070803907,0.11602383,625.735
0.070803907,0.12497433,438.262
0.070803907,0.13461529,439.915
0.070803907,0.145,421.495
0.085,0.0001,637630
0.085,0.00017782794,438847
0.085,0.00031622777,152304
0.085,0.00056234133,118427
0.085,0.001,78184.5
0.085,0.0017782794,40385.9
0.085,0.0031622777,25572.7
0.085,0.0056234133,17313.5
0.085,0.01,6331.96
0.085,0.01154782,7202.39
0.085,0.013335214,6667.75
0.085,0.015399265,7246.86
0.085,0.017782794,5627.61
0.085,0.02053525,4408.81
0.085,0.023713737,2937.63
0.085,0.027384196,2273.05
0.085,0.031622777,2924.97
0.085,0.036517413,2604.33
0.085,0.04216965,1756.93
0.085,0.048696753,1920.62
0.085,0.056234133,1370.44
0.085,0.064938163,1226.26
0.085,0.074989421,925.53
0.085,0.086596432,1157.78
0.085,0.1,791.606
0.085,0.10771436,502.492
0.085,0.11602383,773.92
0.085,0.12497433,515.1
0.085,0.13461529,654.638
0.085,0.145,349.041
0.1,0.0001,674785
0.1,0.00017782794,407437
0.1,0.00031622777,211123
0.1,0.00056234133,163891
0.1,0.001,107482
0.1,0.0017782794,63621.6
0.1,0.0031622777,36627.7
0.1,0.0056234133,19294.6
0.1,0.01,11904.2
0.1,0.01154782,10155.6
0.1,0.013335214,8465.21
0.1,0.015399265,5738.66
0.1,0.017782794,6026.16
0.1,0.02053525,2954.99
0.1,0.023713737,5142.59
0.1,0.027384196,2595.42
0.1,0.031622777,4054
0.1,0.036517413,2165.11
0.1,0.04216965,2076.55
0.1,0.048696753,1333.72
0.1,0.056234133,1582.82
0.1,0.064938163,1194.53
0.1,0.074989421,1152.16
0.1,0.086596432,1391.09
0.1,0.1,1056.46
0.1,0.10771436,684.401
0.1,0.11602383,937.745
0.1,0.12497433,796.288
0.1,0.13461529,735.182
0.1,0.145,752.735
